"sample","n_m2_cells","mean_m2ts","median_m2ts"
"P1",1057,0.00317530929576246,-0.0198302325548638
"P2",451,-0.0370576142020916,-0.0514926236896447
"P3",444,-0.0153255566228214,-0.021882591937994
"P4",1730,0.0982895305723174,0.104479272272549
