"compartment","n_cells","mean_m2ts","mean_m1ts","mean_ctlts"
"B cell",430,-0.0562492358952917,-0.012360689631935,-0.103301662948956
"Epithelial",402,-0.192991433519483,0.150154992601131,-0.0139271567950126
"Mesothelial",505,0.0145799125650435,-0.0303633731122412,-0.1940695368323
"Myeloid",11898,-0.0545786104460645,-0.0257305968771889,0.011615539138639
"Plasma",123,-0.21795311455147,-0.0354648692052002,-0.132437575566507
"T/NK",6435,-0.213551886333024,0.0407597191095041,-0.0601339487840762
